NÃºmero de Empleado,Nombre de Empleado
1000,Empleado_1
1001,Empleado_2
1002,Empleado_3
1003,Empleado_4
1004,Empleado_5
1005,Empleado_6
1006,Empleado_7
1007,Empleado_8
1008,Empleado_9
1009,Empleado_10
1010,Empleado_11
1011,Empleado_12
1012,Empleado_13
1013,Empleado_14
1014,Empleado_15
1015,Empleado_16
1016,Empleado_17
1017,Empleado_18
1018,Empleado_19
1019,Empleado_20
1020,Empleado_21
1021,Empleado_22
1022,Empleado_23
1023,Empleado_24
1024,Empleado_25
1025,Empleado_26
1026,Empleado_27
1027,Empleado_28
1028,Empleado_29
1029,Empleado_30
1030,Empleado_31
1031,Empleado_32
1032,Empleado_33
1033,Empleado_34
1034,Empleado_35
1035,Empleado_36
1036,Empleado_37
1037,Empleado_38
1038,Empleado_39
1039,Empleado_40
1040,Empleado_41
1041,Empleado_42
1042,Empleado_43
1043,Empleado_44
1044,Empleado_45
1045,Empleado_46
1046,Empleado_47
1047,Empleado_48
1048,Empleado_49
1049,Empleado_50
1050,Empleado_51
1051,Empleado_52
1052,Empleado_53
1053,Empleado_54
1054,Empleado_55
1055,Empleado_56
1056,Empleado_57
1057,Empleado_58
1058,Empleado_59
1059,Empleado_60
1060,Empleado_61
1061,Empleado_62
1062,Empleado_63
1063,Empleado_64
1064,Empleado_65
1065,Empleado_66
1066,Empleado_67
1067,Empleado_68
1068,Empleado_69
1069,Empleado_70
1070,Empleado_71
1071,Empleado_72
1072,Empleado_73
1073,Empleado_74
1074,Empleado_75
1075,Empleado_76
1076,Empleado_77
1077,Empleado_78
1078,Empleado_79
1079,Empleado_80
1080,Empleado_81
1081,Empleado_82
1082,Empleado_83
1083,Empleado_84
1084,Empleado_85
1085,Empleado_86
1086,Empleado_87
1087,Empleado_88
1088,Empleado_89
1089,Empleado_90
1090,Empleado_91
1091,Empleado_92
1092,Empleado_93
1093,Empleado_94
1094,Empleado_95
1095,Empleado_96
1096,Empleado_97
1097,Empleado_98
1098,Empleado_99
1099,Empleado_100
